,0,1,2,3,4,5,6,7,8,9,10,11,12,13,14,15,16,17,18,19,20,21,22,23,24,25,26,27,28,29,30,31,32,33,34,35,36,37,38,39,40,41,42,43,44,45,46,47,48,49,50,51,52,53,54,55,56,57,58,59,60,61,62,63,64,65,66,67,68,69,70,71
00:00:00,-0.12663535538843385,0.5609156481579234,-0.7954347607327582,-0.3776676165733324,0.16481222162282982,0.41369147004756524,0.22209973266339383,0.1270658011547046,0.9874736049637154,-0.7285961731424925,-0.5141779871410226,0.1416510848877561,0.2857440638106715,0.04185377611955498,0.399528873216767,-0.12089313712816768,0.9819783588723563,0.5019185160677556,0.20006888766812503,-0.04000465518944054,0.6295339573970979,-0.3215637498730325,-0.3066926971119928,-0.25087117060087455,1.2018262939499644,0.295922342150659,-0.09972955453591785,0.1386876121452051,-0.19799685380098325,0.5504789502491767,0.01927937264033598,0.23833906108603825,-0.18331421631960096,0.11687378519725904,0.10489743307069938,0.3913852437416326,-0.10242466902735119,0.21036553477174538,-0.40078791587031776,-0.5785810278783448,-0.2964042040855023,-0.21118412450283733,-0.6156628510545713,0.4420169240262323,-0.3401315950652393,-0.8599824575652666,-0.561029022588472,-0.4143444041107956,-0.15201153155968175,-0.33293103285139247,-0.005820083589156708,0.8517127178085536,0.1201947470483135,0.4645306523218892,0.40137311573662576,0.24685944518025765,-0.19045838770833287,0.47523792816664484,-0.07834316313009787,-1.3186927449328665,0.5161467112802764,-0.5475389615489613,-0.613407492082227,-0.21969684107819187,-0.3919810229907762,1.1765589265154355,0.0473795731068364,0.07674647578504014,0.5896897414711401,0.12426527935385161,-0.1277890407740108,-0.0563594270925001
01:00:00,0.7814696039971494,0.06859942307846367,1.3064028555014393,1.7149355055363704,-0.04273040725694943,0.6444082620683046,0.5285964252384008,1.187618466208191,1.5242213658676766,1.405110268001327,1.5350510791614118,1.0715975253793406,1.725042011851197,0.1308602768141197,1.2163151945557609,1.3664450246953894,0.9048783076314575,1.5918922333324188,0.6310884062971116,0.457394288536362,0.37316169454474957,0.6487252748534196,1.3944312045984992,0.991549388136864,0.25864249530130545,1.05439396437263,1.4365305268227049,0.3961734950966719,2.3361848151956437,1.061397800201012,0.5215661666540191,1.078419336314696,1.5805190920768983,0.39924791179001495,2.6077950437282844,1.018949442571339,0.5702462384041447,1.5728043203320254,2.0318332106023287,0.714818525655887,1.4589193064430632,1.8456271355636058,0.6341879255059679,0.9188345650535663,1.3258309832805373,0.7253344687511809,0.6127389797369097,0.9450411591867394,0.8624978342236387,0.9546724891705285,0.5732522698945074,0.5142152229645378,1.646133604896276,1.2639599242398638,1.2607807509057656,1.73297992001528,1.2159123127776403,0.9120346643377,0.7951378480781529,1.8446894407323031,1.9315124673537085,0.6801110998380311,1.3108936681546441,1.7396970246746677,1.8964487134493846,0.9324827624875316,1.4698032121077649,0.6133314658110534,1.5138318174335175,0.9224515008676237,2.136072684815227,1.305528959136804
02:00:00,1.5842596847770478,2.007871760715977,1.9671744161897937,2.2387285964861854,1.1501035210877357,3.2606999027525663,1.3254399885421768,1.8346496579557732,2.754735638949857,2.884150306443602,0.8513197706475781,2.184511639882004,1.9360598660188089,2.4745377380616187,0.5790938232385721,1.498734472870788,2.0933016348527547,2.323257837910148,1.430060574635169,2.0093498827426015,2.3923190022878655,1.3008165226808275,2.100390583116811,2.4194558682620033,2.594904560951105,3.3881046124182426,2.026730180238049,2.30191890118135,2.0243266827440336,2.716661536583317,1.8859324151231665,2.0838216186313336,2.0757743230183525,2.2770682206576325,1.6367958617969571,3.255859254831031,2.399253502564835,2.178751629331208,2.4685309369695956,2.239112773513811,2.2159509380149345,2.295021642998805,3.2323949564402708,1.742483794543769,2.0785613844246726,2.1247598600037496,1.2329302055594904,2.7540507233664084,2.201448770253079,1.4234230981984277,2.010389142561752,1.6895549209097491,2.2917718772058664,2.170365999607476,2.248512178272119,2.431418880945509,2.026295243840507,2.7380851810518823,2.506020034552659,2.2319008881556113,2.690180846357533,1.7035890471382815,2.2928205104576347,2.009834882661787,2.481572044977351,1.9362130551008143,2.04538432246824,2.0326958608914447,2.4561559844341616,2.5849084728184866,2.3932377051544007,1.6795103902476105
03:00:00,2.808650136415463,3.0722492148717153,2.803899531280631,3.1623407562431933,3.719108917896033,2.947328075573605,2.5060297573980232,2.7048758175544583,2.8488351098713474,3.2044464671750594,2.827963318321387,2.959081041586032,3.064958281645543,3.750280635322,3.296312104225115,2.674262116843792,3.432265748597876,3.5690671503453086,3.2093630769319192,4.067640102946432,2.713558682228224,3.7286982745841173,2.4160594523898826,2.9227536514902495,3.5819245523196943,3.166611378115333,2.4563121392690435,3.1899173391083937,3.3005179217624216,3.1420827392866704,3.033126633783079,3.245770351260753,3.2011829130015546,3.5816634897879167,3.7217060161733233,2.7226222909176587,3.040399565168857,2.5798856058803974,2.547717151167795,4.525579344855458,2.838855770434416,3.395287459550751,3.347116030796708,3.0760743598333087,4.008378602624037,3.2242681859907076,3.1787432717621877,2.571133278516523,3.838200674324631,2.2887270435716642,3.533073178708099,2.9414980823369685,3.1299280997045185,2.8723532675460914,3.2088413656391586,3.7105966177748537,3.474489052343043,3.487984525619791,2.9228196441627547,2.9860289377073594,2.9323832106230414,3.8277017280693895,2.218483082000004,3.0769109807473627,4.077121285838587,3.0188996069672305,4.035481416990876,3.3355036759431433,4.137749110871027,3.951109006233192,3.50507932812374,2.981509909487653
04:00:00,4.674479848241274,4.670697225820778,4.626236976930669,4.037692768514313,3.7845323826212427,4.108868213715449,4.206645755240898,3.89035658198857,4.171289325489112,3.945536594480873,3.7909426148915237,4.468393162726103,5.421854956830769,3.6633437886837785,3.525471467569853,3.903839981686885,4.773213774577413,3.914754741069396,3.55589239046157,4.914242130603698,3.9891823795057006,3.9049966914822436,4.63664101481733,3.5838623327816883,4.439928779326331,4.114718530340881,4.070738529779919,4.6611811666132485,3.9596053631256742,4.0654424901604145,3.378176060717761,4.400592403406263,4.253698524835774,5.736837811179025,3.7500457400165432,4.355313627530273,3.587267155881402,4.3717122642846,3.858570680717271,3.8700783546466497,3.5857313361363428,4.406980578544683,3.440686610419423,4.024747483733035,3.9106202253846716,4.209459527896594,2.8600806194012205,4.470018565213585,3.885346724114582,4.3533315140741635,3.7691000493290763,5.018675550067748,4.231854730501964,3.9642886930135184,3.8195914547836707,3.5977846626253145,4.927596364605778,3.7715358646355583,4.7026860256882195,4.258319017554765,3.9649757132482875,3.9945940648930334,4.498468085479026,3.958690264098707,3.8788082835360727,4.798380436772052,3.6018327179265386,4.30138154274748,4.143059971456554,4.415552471263155,3.6118779356086597,3.9586450431192195
05:00:00,5.762390090977639,5.48634970678037,4.584075749694359,5.6126998144364135,5.347777345331218,5.053615630508971,5.369261256705133,4.973935674961881,3.8870692744858166,3.8849971098469736,5.5436014582241935,5.150915198364084,4.669552499555338,4.925182156609677,5.5238014850178345,4.5497670801723284,4.874444808080982,4.192099065537917,4.490281076379968,5.318469000994095,4.6689668806604745,5.323738358308516,4.95081354749363,4.786215170864391,5.04455778975418,5.055767552215511,5.646623546757812,4.373417434622697,4.204687979839749,4.520923524509231,5.201644092532713,5.710741254118777,5.397478300714679,5.476572843277986,5.238307756137187,5.215698066125919,4.975339545774842,4.7353037700549745,5.258294412422132,4.937515354077118,4.720538426409434,4.995419269020169,5.128890196727065,4.394309329693083,4.362408469229791,6.036398075665315,4.490496981717159,4.9275962720738145,5.324801917214627,4.418490533582647,5.807508093306274,4.370277320004297,5.218657262209578,4.3865175607654985,4.739142850659096,5.081569234609271,4.438885245509668,6.014437185895188,4.253215087572148,5.065904271330799,5.147866636457362,5.334651197375224,4.488466719155646,5.287738571779179,4.764192255884005,5.0154022578809965,4.767844325940566,4.539848235456995,6.287097478037059,4.664021254050544,5.194246703960979,4.321600481566328
06:00:00,6.826228919229704,6.631573101992346,6.143277073810763,5.555466717300518,5.374179649120938,5.833974957822904,5.581489520207282,5.556319201763257,5.933494661359337,6.574180860931083,5.970427523026137,6.030344636224561,5.3542565896079255,5.931333470298791,5.955315230841224,5.575415352987937,5.430572067142921,6.2271476845880835,5.6687262824184526,6.13703992192403,6.000232210556435,5.196379914153311,6.291438777115453,6.30177661406567,5.597221733438623,5.919263227130777,6.596130057529829,5.875169447477745,5.187242505384865,5.856511040498201,5.923652297840741,6.098369374095057,5.3423926265666255,5.127578379355074,6.236711257962188,5.9577932279314485,5.344866729399592,5.946933804632815,6.097367408319208,6.184485616360845,6.409858634363862,5.217253498123917,7.141037825933672,6.26753676304541,5.136271960446153,6.120606773590645,4.947141607052257,5.298196132687368,6.003637456971069,5.6901611485878405,5.957839883835401,5.943288842993418,6.05455532928254,5.819262691025099,5.126702571217974,5.925308391673628,5.751986130557249,5.49700108117214,5.389806988211073,5.869996359454196,6.384100758547707,5.853677935672781,4.725807874697145,5.0868265179600956,5.382815397864862,5.358338334376688,6.013572964893194,5.512355222763884,6.351609065349258,6.139297842241145,5.445512482550247,5.124916858923554
07:00:00,6.548252788665832,7.482039309848242,6.628453028217252,6.246988321844822,6.7497160220569885,6.974726868020484,6.1067389307175555,5.524357860605883,6.004465193796848,6.984467836088659,6.411575713519262,6.666242978455595,5.694250399384842,6.135688599765855,6.415418314115117,6.961572313008675,6.353088361248444,6.22738459828998,6.4369846384449785,5.577692978956822,6.301565959922311,6.952429304963388,6.388457262101913,6.273544556706083,7.414607601348775,6.1846268748203785,6.000713360887618,6.681083835671335,5.9341621154285535,5.8586995528664945,7.053012430922804,6.280268334232119,6.224469670201375,6.660545314111696,6.1321941829708075,6.1016668634452005,6.140038541206308,6.66408085756892,7.492760187263708,6.661150794530628,6.86760087222166,6.373181121271406,6.633711796785297,6.529347200300601,7.001327328396307,6.109407710476713,7.836858373530755,7.203965346277344,6.507493120732977,5.852962140146699,6.5290212693707605,5.986479649823822,6.150739421824538,6.772095388456758,6.614377005365888,6.519083317807438,7.066283059107973,6.62797095305756,7.183676650994014,6.926504062867797,7.160538004971029,6.768870908829176,7.188635635069621,6.824691825761828,6.874890777739264,5.980186845224867,7.10730792776879,5.705539718277233,6.621131509206485,7.575388556074067,5.881270995950634,7.3740956282976295
08:00:00,6.326173978734236,6.888461396311196,7.3448722916470555,7.631492437544487,6.510056587789212,7.12191500781886,7.539860048736675,6.600645034621802,7.457600844606411,5.821667262430437,7.510858686911217,6.764238348218648,6.566398911041719,7.526220562230952,7.330440336070091,7.406030145630128,6.588090281172949,7.724123087899529,7.009970783301347,6.784384481150103,7.2475333444939345,7.536130918126097,7.097386727118756,7.0133909862430075,6.717529773468054,6.642869844214257,7.51672031830335,6.733687810464917,7.617643248946015,7.09927582143235,6.306950334354741,7.623600219264547,6.192461998835705,7.242594260579831,8.263892954277427,7.7557074921835545,6.504502332788768,6.549434225047224,6.893914498684555,6.876176359560882,7.060232061272129,7.394014643732028,7.903499544095075,6.65878351387613,8.130808054827657,6.390942530917797,6.912102685935195,6.861705252032164,7.586254351074618,6.703061265643241,7.43664264829396,7.722067152387288,7.5433406533541305,6.602283791582222,6.978291863089945,7.506399614152363,7.46931852361363,7.52573712009305,6.797001879889561,6.679055666469249,6.7830539324923205,7.102428242725409,6.394708684813952,6.922475895906543,7.600289005641198,6.7034775424476205,6.893841242060393,7.230488385173143,6.929363885034545,7.36879172327962,6.954303723108806,6.814772302701411
09:00:00,6.397308314481376,8.795192724750509,7.135929146823175,7.093330256145644,7.793572875607302,6.652698216192961,8.140730664990713,7.7683975867792645,8.468080037918295,7.7280414770406525,7.5194677044592195,7.2062078760778485,6.804900370523494,6.854350659542396,8.401545442203794,7.930583814793185,8.207122173842146,7.957126746439456,7.169528924536245,7.462253047838148,7.433877742654517,7.525844369923256,7.9034376091431895,8.069654335884579,7.807160522898564,7.203358960932598,7.959739475877622,7.51321892300546,7.737691930707942,6.9730534006758145,8.458124749338056,7.522331634029662,7.465493118724519,7.335384429388953,8.19350184030268,7.9484071184641225,8.484124594789051,7.330125997794239,7.311486400221772,8.232779972292146,7.579935302017975,7.273278789241746,8.0440386761133,6.923361504268958,7.338537034163916,7.684491878900574,7.724866810159789,7.806064767528259,7.703315858581601,7.76675766327535,7.4300755908479275,8.209376570759602,6.560971627064569,7.550735569105261,7.607104344383723,7.5274032826529185,8.511174157760315,7.287217166653662,8.362972707181417,7.281188819012033,6.891676214059011,8.182590666876711,8.141695128501237,8.004592965906859,7.525013297149951,8.373145304860646,7.7979748435537255,7.901734042718172,7.472868590932895,7.952848774079987,7.82999673364762,7.888178971354464
10:00:00,7.8041217679133315,8.299689893581583,8.661085334521701,8.506632101842063,7.623738276782475,8.119154516648099,7.1647792535100425,7.2907294010797665,8.128872202655154,7.334165998601399,7.682631596669824,7.486576950495776,7.2291000451163585,6.959999031008115,7.824805095770329,7.3786451258239225,7.647608754314815,7.830863653395816,7.835408851776752,7.864905368176388,7.997589577044625,8.15409661129966,7.011187466375982,8.209324221407964,8.139785446672104,7.744569526163173,8.236609142929126,8.028014592152955,8.678462438148255,7.748940850484482,7.461528644223753,7.912670430916044,8.184487740572735,7.584105283741955,8.15790046687087,7.765546114939517,7.402952194263605,7.140545153403857,7.236158376955518,7.445002354008777,7.885774345315246,8.206854882500243,8.223315225286415,7.652216452597302,7.658889609285009,7.568549232024288,8.098125356731066,7.592667035393366,8.08730396200276,6.998703830403784,7.264770053448719,7.506946684180889,8.220752623343724,7.304094336373423,7.960264086117981,8.07385406674076,8.20573072762587,7.088028393590707,6.962209010414619,7.7661411706176064,7.936917833157745,7.429191322637509,7.029481027766106,7.807207641080843,6.776773171024187,7.583570392623265,7.570336506650763,8.23231355580119,7.753224240314601,7.883502810136409,7.403640517309976,8.059222942597405
11:00:00,7.789752354738557,7.939302339634484,8.921097888738512,7.692128901260167,8.16086705189825,8.2317207593103,7.380024822348333,8.014196884317114,8.568654532460316,7.994837856649046,7.650341413528456,7.524362622409055,7.936423910871653,7.7059341014007,8.414539296856724,7.563800499052033,8.280030172443634,8.518834549411771,7.8513766014449295,7.301705992588526,8.71983772890391,8.878619379031498,7.519476081593817,7.5640944085863655,7.331689254999341,7.871968433486066,7.238569958303232,8.939461271962927,7.2780310871362675,7.860411520128144,8.704049290618931,7.807872985427391,8.414153590612992,7.413585158782871,7.841919013248108,8.086557655231257,7.819924356243062,8.446351673668715,7.82334842437719,8.955091768568543,8.856723755921905,7.790850571832391,7.7765979374625545,7.920694669498254,8.430522291739958,7.771245202109432,8.255066128114958,8.55632059165816,8.017877652110455,8.163200343261654,8.130932222992334,8.117224106043965,8.026901882207666,8.520995176656093,7.221234731508939,7.753997285307606,8.077276620984422,8.329429593939714,8.302387650548674,7.373923187818703,7.9006546242083715,7.9841143127797585,8.239393418433178,8.43177636823705,7.860007727396674,7.4815055469491,7.919912260135849,7.924360163254581,8.665877633622097,8.132944663162904,8.641426614173005,7.877621182504767
12:00:00,8.409178659154557,8.244339964101082,7.603083498979663,7.2187842157923985,7.614402465389573,8.189758990761122,8.723772374807996,7.56106814732192,8.54750871130464,8.559981132475096,7.7348176268976365,8.712134463274387,7.598823411709645,7.685036924798456,8.366526716689776,8.280933073278266,7.962192819106058,7.687136349876597,8.25518350770415,7.443700027189448,7.6204789966201165,8.069486578894242,7.520696317351138,7.519959398068331,7.564554714438543,7.879489505440592,7.9571591621412106,8.119456780412902,8.037317493010788,8.632861857172516,8.181761215666127,7.6768955074723335,8.82621527725892,7.14483157542389,8.70158551360196,8.145035814826382,8.22388925294399,6.886219410599708,8.461755313691148,8.144655366388182,8.086445816130063,7.31050750787781,8.101081355391566,7.4025503823336125,8.118466272757821,7.193875674911091,7.771630193232222,7.971937391847325,6.378692627920006,7.720297840884739,8.612452500936445,7.296352396644244,7.763791340539573,7.146596600079303,7.609024908634528,8.330468894579964,7.842720098072312,7.9626726249353,8.511724127207982,7.761845327531424,7.786259851196194,7.718024670133019,9.02820729906122,8.129438321030944,8.268904704182175,8.237271697197615,8.274458736781977,8.645933626629201,8.28753301244976,8.22618009955177,7.87273806892801,8.024491158141048
13:00:00,7.657333968830574,7.731572941457734,8.513825547582064,8.25661946482411,7.984688478375645,8.215892715111847,8.142251184915294,7.469016740755607,8.446297194815616,8.205794791352691,7.06465814264901,7.257760493207035,7.370580845705846,8.651273577230285,7.229044121600281,7.491721421997329,7.123365047048044,7.957007637013373,7.5929309802121265,8.153013617872642,6.968088417504012,7.726909906829852,7.295042418236375,7.936309280524292,8.293643089876252,7.301858466902625,7.731291121611616,7.323906529579296,7.762111469248213,8.787378439199003,7.861672506723203,6.789259637218075,7.635132656449681,8.192353750081226,7.510440672459112,7.462243538571981,8.582368292019915,7.6420662125751,6.977130505114529,7.183302314884253,9.10598419488107,7.798992236039677,7.834804061816056,8.646729375586945,8.010797787330839,7.639439018798877,7.550019196471602,7.8836440539285215,7.349007470834512,7.939629680418978,7.432562746426223,7.34884884960059,7.008205151578755,7.641086880809658,7.279612554265115,6.984582570464937,7.616419696905983,8.198635171432562,7.585052686824305,7.3087745846270495,8.135255980649106,7.893820643559548,6.898573247035856,7.705463219496014,7.880166885310879,8.089788542554075,8.046801987942121,7.25116944476635,8.098237665549526,7.469819406218781,8.054925207427209,7.10863886583907
14:00:00,7.845773290302355,6.959118621286594,6.923326317996069,6.816134484126682,6.935804424891045,7.921295266537223,8.209890874332865,8.030215279355167,7.48178572729323,7.474917407542365,7.513766868516291,7.75224975675051,8.077759081861688,7.024008006883723,7.64914454824881,7.732431217630375,7.652884396233064,7.097413770371475,7.991927924316586,7.418113105816503,7.500063584216066,7.260630604977255,8.465555405881384,8.14094089054605,7.005324476069151,7.827549599702314,7.319021783153882,6.778254821058732,7.835895728669398,7.789385523317815,7.6225453126806055,7.619810115703334,7.502917088882126,7.866977008003459,6.943724902170321,6.399711762588851,8.015032923520112,7.45451992915566,7.133187292534206,7.842626289500539,8.334983335108468,8.437853528009388,7.562450553774385,7.540682130500546,6.515332315659649,8.060741213375678,8.496875228264692,7.262613747035,7.28596817286066,7.454946437332161,8.452308184038685,6.630363182204708,7.2192461166875965,6.847080249779035,7.777208030012769,7.239102610846588,7.1738236429663855,7.3224508246908755,7.428982441511359,6.903801990584489,7.710015803880578,6.9889078438626075,6.888295490614085,8.439952358397559,7.6593429149950945,7.648990451709645,7.7621094993401485,7.218068059958341,8.034538430405357,7.731377587560684,8.009750047127717,7.597692170658733
15:00:00,6.980314197765507,6.967440407295073,7.1331112883483945,7.341290671536744,6.708381265508855,7.476821977176991,6.466083988510245,7.343131571923188,7.505699762239504,6.454065305132605,7.083905232529874,7.61119394575245,7.608600792441827,6.35536725588658,7.757704237408026,7.561141366415235,7.807676822791802,7.0053526609759444,7.606844253303445,6.6952923444957575,7.041063796281589,7.40772281081929,7.994629164633718,7.596144992052633,7.800319166517151,7.318812001380704,7.563994045233155,6.486908122126066,6.934767506126777,6.622521233003971,7.125774603235299,6.588654457864369,6.889507471049564,7.222907096899846,6.721571045417353,7.175447871850358,7.008033734889494,6.968009987687597,6.895721911184141,7.346198794636119,7.175684275615455,5.806349563110185,7.082094343681904,7.414097984445662,7.445081908297997,6.726491070600774,7.042126174862836,6.748283973999667,7.3792459512779445,7.355963689361459,7.447933764932546,8.290824270481407,8.135135892474164,7.259453571441434,6.700684204633083,6.753175810921985,6.60867202578674,7.166430432974382,6.976305878261549,8.142420868053879,7.861409032630473,6.672421271456164,6.070527875524899,6.450905043909712,7.6080459794892725,7.499716548802386,7.531035950399521,7.2231383936485924,7.2039888668862515,8.05050088069259,7.007847008078527,7.166473056871218
16:00:00,6.251020983922015,7.034524767503586,6.865892392763033,5.98440885434571,6.859531631751169,6.339754031774993,6.413156157571029,6.057466935972416,6.05380684254793,7.370664700224866,6.873920861213318,5.951455172881312,6.080355583067251,5.280281119426647,6.631156389526226,7.371324609565954,6.918207173030524,6.70932197302549,7.376560462928614,6.09533989751702,6.509040679524846,7.457057271742378,5.9555565239177195,7.761123962219769,6.80766732791231,7.499452708803797,6.213201881894076,6.434323561914078,6.620699806952647,5.381177179901724,6.711710713506416,6.838956326285647,6.834426696502464,6.577092431511857,6.1527118154709575,6.894651073639345,6.212566444761683,5.981471515203901,6.220295621746536,7.095608420555923,6.869931488835755,7.077626099902493,7.141125974158393,6.670279815815087,6.548518019924184,6.5191338790992575,6.024025412681501,5.422424030125869,6.8174311405419274,6.794935128108826,6.531108211112362,6.549058887365928,6.841970939223348,6.260348113733754,6.883095065362422,7.393684279989608,6.106495693594647,6.205692937680137,5.78275806061449,6.279784600361831,6.936567149440639,6.559435666078211,6.291279889547994,5.616940055571892,6.6987857831482405,6.385853207855093,7.384585110940891,7.732630954754381,6.724446335858908,6.420210994442699,6.627529842829914,6.19655912893188
17:00:00,6.067693165335736,5.931569925238837,5.700610252854679,6.180890488201564,5.98275612999924,5.729740208218994,5.551387601120094,5.322723418650266,5.680229829479081,5.449991018418204,5.94289149323238,5.571323968563245,5.151241096136662,6.03772511640314,5.030616602250161,5.8921487416448475,5.923513043900039,6.361918792003062,6.852027998118169,6.4288494962284215,6.053005006141744,5.557311806352415,5.763988889041666,5.451290692035835,5.60566259705013,6.963537422711939,6.315050161267112,5.455661825610089,6.019906450897626,5.501483328506793,6.179685778032091,5.0601931726104175,6.345474033299196,5.6402006607625585,6.3919279093482455,6.152846139452475,5.445789490408433,4.772867038374616,5.978234216589215,6.76093723302269,6.531759928155416,4.734213405443743,6.114000988339134,5.532951520040219,5.768835768857581,6.143572061978991,5.917595127878282,6.274392118535242,6.101425086703562,5.026569650713725,5.403263191227535,6.07030181228882,5.470423173798184,5.61464192901383,5.932738671847279,5.482521343001946,5.780634111463339,5.222163761894994,5.637474342241721,5.9073444445158545,6.419736688240822,5.9573155537733555,6.295460504417942,5.591290866955105,5.24982090103581,5.390009101168965,5.368324843275556,5.785985911884507,5.594371537825296,5.742555712625787,5.985510908483889,6.75940136486066
18:00:00,4.96750136107671,4.397602518502083,5.292857157269371,5.150191385980012,5.105242828052393,5.336148877300291,4.361376667623145,5.475737328465334,4.851074575710368,4.646539238577278,4.484166737685158,5.5841157573428735,5.378429253215941,5.10635691574321,5.389460494856375,5.086619135887975,4.6872481063617055,4.57818799364817,5.492320914143811,4.81484047560917,5.268991267911779,5.41321316587272,5.298696781910093,4.8127090726179915,5.504383551439742,5.548137104833068,4.781892080020554,5.586955350646659,5.024816796328525,5.210650481569781,4.543497293384544,4.779231927819086,5.806691161996923,5.123599353626143,4.663296236739169,5.237968011384353,4.556127957224023,4.873514673207986,4.851239119361323,4.372564631472287,3.882160468336205,5.204727372672033,4.855678127453596,4.9574399896607035,3.4271532443666652,5.688768381762518,4.765541343460418,5.750972459866491,5.607979459748115,4.482732080574046,4.8728355501549085,5.153799828352209,5.187585255959459,4.654170713297728,5.247413144492579,4.891700257315851,5.168837931868821,5.057116385590432,5.011076027263352,4.73805649401583,5.4952539521273485,5.356051777156213,4.11094887629435,4.099307727103979,5.023549925873432,4.352743767669261,4.313258714957742,4.609634262861454,5.357485299829354,5.0473770855758575,4.428967854729083,5.052408419572038
19:00:00,4.588683154004274,4.353554635639498,3.699210182660883,3.7918956014688376,4.084468218399801,3.6921488000274905,3.401192888051726,4.252655001014118,4.659416950959832,3.71536265599625,3.5578321721890376,3.754282288540212,3.851738606418917,4.114337811496559,4.017450915222999,3.350431949411255,4.298507264362256,4.837197785072919,4.546353309651558,3.8435630502440565,4.34568404029297,3.88611315692815,3.917039902594886,4.074521697011531,4.298710603759567,4.155725921005244,4.194758331340408,4.21799963254341,4.343399606512018,4.4340350301792615,4.114018318346498,4.208393692606722,3.705161716456526,3.8008867873269208,4.5228221981844845,4.174113968447616,3.6097491328752698,4.182649043864735,5.057972207183877,3.884749864811834,4.913681518773884,4.475351277851681,3.5255098165668484,4.4526397491522784,5.029201298035462,4.107508796334331,4.447109063578647,3.882903712598157,3.4808380299367987,4.833747428666321,3.8148817210663704,3.9332754757113637,4.1145394830891835,4.034583862375192,3.96082932964939,4.200246127789065,4.209779477984803,4.218089072885177,3.267697673121635,4.116199054282007,3.9584901742190897,4.5066336055887986,3.5211065476968635,3.837559492841608,4.291781287796808,4.430988100355395,3.8425512813163047,3.2262405375783203,4.442316014385346,3.8810524618876427,3.1148463764451733,4.128181192227068
20:00:00,2.5793416033057595,3.4973632068097444,3.7624614253150996,3.038317016751769,3.8654450502817235,3.4290988772627413,2.352088646313551,2.8195094978653703,3.76289648392817,3.397933477743967,3.782807574902061,3.244855778000712,3.831884565258841,2.506938885180547,3.0668410397217793,2.513165126971505,3.1271830688034146,3.0300539135861655,2.8943007116605104,3.432082465796232,3.3104599643793504,3.448343898815407,3.077945196626466,2.946502921613298,3.4827159684642743,2.6653951232773627,3.2001705396809625,3.151633376143833,3.0089335531992423,2.920257121864089,3.1679855713485163,3.113126018735598,3.918637812619565,3.7031034693141445,3.422383316022738,3.0503121330333105,3.049138967615487,3.5783994388360423,3.242668994161025,2.6012949020544167,2.8837582145102068,3.6846380665268477,3.5409265360554363,3.3267892928760903,3.935741752723106,2.8469980884783603,2.895798700015094,3.617043631541106,2.9297493690691874,3.0031402686794646,2.7940968042933783,2.952883349959196,2.712946231814188,3.6108537916936982,2.9720540447334725,2.6491854565396284,2.363174485218471,3.8966272521731593,3.347876035905146,3.6468773032815585,2.5396836897358535,3.6721378484980334,3.7181381212794364,3.1176262521760303,3.824352191992507,3.434979940182765,2.2686403499441696,2.8531860676055176,3.7890152611323167,3.143349685687738,3.555214319989883,3.036853991646193
21:00:00,3.023280001072596,2.336432238187962,2.7543512054880956,2.1251666041564015,1.9979567347028073,2.2517854499301704,1.41808160911255,2.6698316727947113,1.8178461588071553,2.8906956442671627,2.2674405902941914,3.4202990033837697,2.223987809864884,2.3941788436280174,2.556562830474064,2.0404333608222345,1.509211795258015,2.6300663879996597,2.114950291936904,1.7432209502567357,2.36829807911272,0.7505514305002619,1.5601234968132411,2.384653794522306,2.1743603681257997,2.2863863109311606,2.0713714134383627,1.2389789363706438,2.462627974142906,2.1377926537648477,2.288114407824267,1.6898333826533798,2.9702384072692327,1.4513833983786366,1.8068027781927474,2.0168374662681736,2.1854525087555077,3.0363042081338825,2.0006076467913974,2.1427134520336883,2.6767118868299438,2.949525030715296,1.2299821355987048,2.1731146293951387,1.5775682743122048,2.2662557526917237,2.311938027131582,1.8917496718403934,2.5845461809645274,2.2689474256397286,1.7465527111033736,2.6391258041262695,2.16080013846433,1.770329972997694,2.363169995752485,1.873802204031867,2.259953577525769,2.057305124445319,2.8787808205155807,3.0601865727658426,2.6980577174076403,1.4787116215833809,1.0091284182841018,2.2470012623283386,2.446342807919115,2.1622487261663337,1.9891962642228613,2.9495054151250715,1.6681492042392567,2.0386186834464692,2.0390007087555513,2.4966017108843865
22:00:00,0.6699250241366185,2.1261150329811342,0.6124475647132572,0.3958444964233113,0.46147461987597915,1.5263576328040656,0.8266488266802193,1.1126553289620977,0.8991104259320786,0.5429146875953342,1.0585924463757523,1.4719871874442958,-0.06452229755875871,0.5995023126061516,-0.1686370911127093,1.8924582672149568,1.3391485578582663,0.7032104827497521,1.064832622649145,-0.10529206028653504,0.9298485470614861,1.7548767344143505,0.8235541132286528,0.43766851182733335,1.519745837384943,1.3063143230645198,1.2371488438127158,0.6493511941554517,1.1299863384666695,2.2308065852743084,1.2385230016697273,0.6161049321569405,0.4991153506183985,1.255855870496649,0.12069660675164973,0.8524051403945736,1.4319001945305088,1.1698583345986968,-0.10199691918131126,0.9864939835196246,0.9700621883603427,0.8371102619630084,0.7780120600005738,1.6572797165095907,2.557551224572583,1.4248721222027219,0.695960830675511,0.5209662960854801,1.0400489787840583,0.8084740359216538,0.6618405558648963,1.3704151129446498,1.10524574945641,0.6908229549782758,1.0849987778484682,1.146220571114462,1.3937573262368375,0.7361744824718044,0.7847219873009852,1.1057991204079565,1.2552905491068918,0.5280248986477027,0.33527317374542775,1.493252728427331,0.5779736763649214,0.8418569608208509,1.750947039496348,0.7966856175078042,1.043184519939915,0.8144221730311004,0.4839404264531232,0.8024113650473667
23:00:00,-0.20540482485580344,0.13389420196172544,-0.2398622334445221,0.5242904145672648,0.21679395920900854,-0.8465509220717448,-0.01962101319559095,0.32036395352436337,0.3509006879686412,0.36900007944372415,1.137121731213043,0.19039725191412415,-0.028335803906672327,-0.41570660431623624,-1.1432109328604545,-0.12502729259223613,-0.40870268492290956,0.1630241855944611,0.5683692362086136,-0.8741971264042243,0.5269548345529823,0.09466974429569577,-0.6875794330143129,0.2527004652857775,-0.9873641769409226,0.12151787945868986,0.6443411190251711,0.14346723191862218,-0.3210715780995351,-0.4499082553863453,-0.39195528795471074,-0.021244486823248566,-0.8289390518549666,-0.4508041553001552,-0.7786252115804934,0.1362828739091619,0.44233185950140647,0.5698829085103407,0.6730300024525029,-0.5072083555346176,-0.10886448271495001,-0.4385750580065573,0.7791238044053362,0.04975981000597456,0.2991841916572314,-0.08692017643140254,-0.3480504842740137,0.00592841648850326,0.5981219165650108,-0.4527104828456092,0.17249815160034185,0.1813410152440937,0.8458377373898519,0.4494026015340474,-0.3174106127825152,0.5219046090827348,-0.1461010432450071,-0.2358936218531553,0.9142921776319857,-0.3769645317965462,-0.19178842769460103,0.5977902140315627,-0.45267940021811987,0.003125815002785097,0.8660398844753561,0.36934427022414257,0.4405678945426867,-0.4415358787248602,-0.22596414495742492,0.3040495207799312,-0.11299600325211495,0.5697868509544568
